MAE,RMSE,SFN,MAPE
294.33173,462.12738,2.5978239,0.31893474
396.77396,622.52997,2.6577296,0.24931085
